f43|Principal Life Details|Title|"Mr"
f55|Principal Life Details|Sex|"Male"
f56|Principal Life Details|Date Of Birth|"01\/01\/1955"
f57|Principal Life Details|Previous Name|"No name"
f58|Principal Life Details|Passport Expiry|"20200604"
f59|Principal Life Details|Nationality|"SA"
f60|Principal Life Details|Marital Status|"Common-law spouse"
f61|Principal Life Details|Marital Contract|"Antenuptual Contract Without Accrual"
f62|Principal Life Details|Telephone (H)|"0114506550"
f63|Principal Life Details|Telephone (W)|"0114705200"
f64|Principal Life Details|Residential Address|"res address"
f65|Principal Life Details|Suite/Unit Number|"100"
f66|Principal Life Details|Complex Name|"example mews"
f67|Principal Life Details|Street Number|"150"
f68|Principal Life Details|Street Name|"tom street"
f69|Principal Life Details|Suburb|"arcadia"
f70|Principal Life Details|City|"pretoria"
f71|Principal Life Details|Region|"gauteng"
f178|Principal Life Details|Code|"0001"
f72|Principal Life Details|Postal Address the same as Residential Address?|"No"
f73|Principal Life Details|Post Collection|"Private Bag"
f74|Principal Life Details|Number|"1200"
f75|Principal Life Details|Suburb|"arcadia"
f76|Principal Life Details|City|"pretoria"
f77|Principal Life Details|Region|"gauteng"
f78|Principal Life Details|Code|"0001"
f79|Principal Life Details|Registered Tax Payer|"Yes"
f80|Principal Life Details|Inc Tax Reference Number|"1234567890"
f179|Principal Life Details|Home Language|"English"
f44|Spouse Details|Surname|"Bond"
f84|Spouse Details|First Names|"Jennifer"
f85|Spouse Details|Initials|"J"
f86|Spouse Details|Title|"Mrs"
f619|Spouse Details|Sex|"Male"
f89|Spouse Details|Previous Name|"brown"
f90|Spouse Details|ID or Passport Number|"8501010023085"
f91|Spouse Details|Passport Expiry Date|"20200604"
f92|Spouse Details|Nationality|"SA"
f93|Spouse Details|Marital Status|"Divorced"
f94|Spouse Details|Marital Contract|"Antenuptial Contract Without Accrual"
f95|Spouse Details|Telephone (H)|"0124504001"
f96|Spouse Details|Telephone (W)|"01145065200"
f97|Spouse Details|Cellphone|"0834521002"
f98|Spouse Details|Email|"paula@example.com"
f47|OEB Questions|How many employees work at your current company|"1500"
f122|OEB Questions|How many employees have trade or professional qualifications at your current company?|"1000"
f123|OEB Questions|What is your percentage interest in the business?|"75"
f124|OEB Questions|If self-employed, is you business based at your home?|"Yes"
f125|OEB Questions|What are your total monthly overheads|"5 000 000"
f126|OEB Questions|What is your percentage share of the overheads?|"50"
f127|OEB Questions|What is your percentage of the business turnover sales of goods and services|"75"
f49|Medical Questions - Principle|Height|"75"
f134|Medical Questions - Principle|Weight|"100"
f135|Medical Questions - Principle|Have you ever had unintentionly loss of more than 5 kg|"No"
f181|Medical Questions - Principle|If Yes, Provide more details|"Testing Provide more details"
f432|Medical Questions - Principle|Date|""
f136|Medical Questions - Principle|Do you exercise regularly|"Yes"
f182|Medical Questions - Principle|If Yes, Provide more details|"Testing Provide more details"
f137|Medical Questions - Principle|Do you use chronic and regular medicine?|"No"
f183|Medical Questions - Principle|If Yes, provide more details|"Testing Provide more details"
f184|Medical Questions - Principle|Diagnosed by Doctor|"Testing diagnosed"
f185|Medical Questions - Principle|Date|"20200604"
f138|Medical Questions - Principle|Have you been diagnosed or treated for any benign or malignant (cancerous) tumour or growth for example moles, skin cancer, breast cancer, prostate cancer or colon cancer?|"No"
f186|Medical Questions - Principle|If yes, provide details|"Testing Provide more details"
f188|Medical Questions - Principle|Doctor|"Testing diagnosed"
f187|Medical Questions - Principle|Date of last symptoms|"20200604"
f140|Medical Questions - Principle|Any disorders of the heart, for example rheumatic fever, heart murmur or heart valve problems, palpitations or arrhythmia, chest pain, angina, heart attack, heart failure, myocarditis, cardiomyopathy, an abnormal ECG, open or keyhole heart surgery or procedures?|"No"
f189|Medical Questions - Principle|If Yes, please provide more information.|"Testing Provide more details"
f190|Medical Questions - Principle|Date of last symptoms|"20200604"
f191|Medical Questions - Principle|Doctor|"Doctor  1"
f139|Medical Questions - Principle|Any porphyria, haemochromatosis, spleen, lymph or blood disorder, swollen glands or lymph nodes, bleeding disorder or clotting disorder, leukaemia or lymphatic cancer, for example anaemia, thalassemia, polycythaemia, haemophilia, idiopathic thrombocytopenic purpura (ITP), protein C or S deficiency, Von Willebrand’s disease, antiphospholipid syndrome, thrombocytopenia, leukaemia, lymphoma or myeloma?|"No"
f192|Medical Questions - Principle|if yes, provide more details|"Testing details"
f194|Medical Questions - Principle|Doctor|"Doctor  2"
f193|Medical Questions - Principle|Date of last symptoms|"20200604"
f141|Medical Questions - Principle|Raised cholesterol, high blood pressure or any diseases of the blood vessels or circulatory system, for example aneurysm, pain in legs when walking, deep vein thrombosis (DVT) or pulmonary embolism|"No"
f195|Medical Questions - Principle|If Yes, Provide Details|"Testing details"
f196|Medical Questions - Principle|Doctor|"Doctor  1"
f433|Medical Questions - Principle|Date of last symptoms|"20200604"
f142|Medical Questions - Principle|Are you adopted or do you have limited information available regarding your family history?|"Yes"
f197|Medical Questions - Principle|If yes, please provide more information|"Testing details"
f144|Medical Questions - Principle|Have you had medicals done at other insurance companies within the last 12 months|"No"
f198|Medical Questions - Principle|Date|"20200604"
f199|Medical Questions - Principle|Company|"COmpany"
f145|Medical Questions - Principle|Is this application to be considered based on a policy issued at standard terms by any insurer after being fully underwritten within the past two years|"No"
f207|Medical Questions - Principle|Any disorders of the nervous system, for example epilepsy or any convulsion, transient ischemic attack (TIA), stroke, brain aneurysm, blackouts, chronic or regular headaches, Parkinson’s disease, multiple sclerosis, myasthenia gravis, dementia, hydrocephalus or raised intra-cranial pressure, motor neuron disease or any other type of weakness or paralysis?|"No"
f210|Medical Questions - Principle|Details|"Testing details"
f211|Medical Questions - Principle|Doctor|"Doctor  1"
f212|Medical Questions - Principle|Date of last symptoms|"20200604"
f213|Medical Questions - Principle|Have you ever been diagnosed or treated for fibromyalgia, chronic fatigue syndrome or any chronic pain disorders?|"No"
f214|Medical Questions - Principle|Details|"Testing details"
f215|Medical Questions - Principle|Doctor|"Doctor  1"
f216|Medical Questions - Principle|Date of last symptoms|"02\/06\/2020"
f217|Medical Questions - Principle|Have you ever been diagnosed, investigated or treated (by means of counselling or medicine), for stress, insomnia, anxiety, depression, bipolar mood disorder, panic attacks, post-traumatic stress disorder, obsessive compulsive disorder, any eating disorder or any other psychiatric or emotional disorders?|"No"
f218|Medical Questions - Principle|Details|"Testing details"
f219|Medical Questions - Principle|Doctor|"Doctor  1"
f220|Medical Questions - Principle|Date of last symptoms|"20200604"
f221|Medical Questions - Principle|Disorders of the digestive system, for example, oesophageal stenosis, achalasia, perforated or bleeding ulcer, Barrett’s oesophagitis, any hernia, irritable bowel syndrome (IBS), spastic colon, diverticulitis, inflammatory bowel disease, Crohn’s disease or ulcerative colitis, colon polyps, rectal bleeding, pancreatitis, hepatitis, chronic or recurrent diarrhea, chronic gastroenteritis, fatty liver, abnormal liver functions or coeliac disease?|"No"
f222|Medical Questions - Principle|Details|"Testing details"
f223|Medical Questions - Principle|Doctor|"Doctor  1"
f224|Medical Questions - Principle|Date of last symptoms|"20\/06\/2020"
f225|Medical Questions - Principle|Have you ever been diagnosed, investigated or treated for any connective tissue disorder, or any auto-immune disorder, for example rheumatoid arthritis, systemic lupus erythematosus (SLE), ankylosing spondylitis, scleroderma, sarcoidosis, Sjögren’s syndrome, polymyositis, dermatomyositis, Wegener’s granulomatosis, Ehlers-Danlos syndrome or Marfan syndrome?|"No"
f226|Medical Questions - Principle|Details|"Testing details"
f227|Medical Questions - Principle|Doctor|"Doctor  1"
f228|Medical Questions - Principle|Date of last symptoms|"20200604"
f229|Medical Questions - Principle|Any disorders of your kidneys or bladder, like kidney stones, renal failure, nephritis, recurrent infections or abnormal urine tests (like blood or protein in the urine)?|"No"
f230|Medical Questions - Principle|Dteails|"Testing details"
f231|Medical Questions - Principle|Doctor|"Doctor  1"
f232|Medical Questions - Principle|Date of last symptoms|"20200604"
f233|Medical Questions - Principle|Respiratory problems, for example asthma, chronic bronchitis, emphysema, persistent coughing, recurrent lung infections, cystic fibrosis, bronchiectasis, lung fibrosis, interstitial lung disease, sleep apnoea, occupational lung disease, pneumonia, sarcoidosis or an abnormal lung function test?|"No"
f234|Medical Questions - Principle|Details|"Testing details"
f235|Medical Questions - Principle|Doctor|"Doctor  1"
f236|Medical Questions - Principle|Date of last symptoms|"20200604"
f264|Medical Questions - Principle|Have you ever been diagnosed with tuberculosis of the lungs or in any other area of the body, for example TB meningitis, urogenital TB, TB of the bones or spine?|"No"
f265|Medical Questions - Principle|Details|"Testing details"
f266|Medical Questions - Principle|Doctor|"Doctor  1"
f267|Medical Questions - Principle|Date of last symptoms|"20200604"
f336|Medical Questions - Principle|Do you know your HIV status?|"Yes"
f337|Medical Questions - Principle|If Yes, when was your last test?|"Between 1 and 2 years ago"
f338|Medical Questions - Principle|Where was the test performed?|"Lab\/Wellness day\/Other insurance company"
f339|Medical Questions - Principle|What was your result?|"I am HIV negative"
f340|Medical Questions - Principle|Have you ever used any treatment for HIV/AIDS?|"No"
f341|Medical Questions - Principle|If Yes, what was the indication for treatment and for how long was the treatment used?|"Testing details"
f342|Medical Questions - Principle|Any back, joint, bone, muscle or chronic skin conditions, for example back or neck problems or injuries (including muscle spasms and slipped disc), osteoarthritis, gout, septic arthritis, psoriatic arthritis, fracture, joint injury, osteoporosis or osteopenia, dermatitis, eczema or psoriasis?|"No"
f343|Medical Questions - Principle|Details|"Testing details"
f344|Medical Questions - Principle|Doctor|"Doctor  1"
f345|Medical Questions - Principle|Date of last symptoms|"20200604"
f346|Medical Questions - Principle|Have you ever been diagnosed or treated for diabetes mellitus, impaired fasting glucose, insulin resistance or pre-diabetes, or have you ever been diagnosed or treated for thyroid, parathyroid or pituitary gland problems, or any other endocrine disorders, like diabetes insipidus, Cushing’s disease or Addison’s disease?|"No"
f347|Medical Questions - Principle|Details|"Testing details"
f348|Medical Questions - Principle|Doctor|"Doctor  1"
f349|Medical Questions - Principle|Date of last symptoms|"20200604"
f350|Medical Questions - Principle|Any eye, ear, nose or throat disorder, for example glaucoma, keratoconus, retinal detachment, optic neuritis, uveitis, scleritis, vision loss or blindness, tinnitus, hearing loss or deafness, vertigo or loss of balance or chronic hoarseness?|"No"
f351|Medical Questions - Principle|Details|"Testing details"
f352|Medical Questions - Principle|Doctor|"Doctor  1"
f353|Medical Questions - Principle|Date of last symptoms|"20200604"
f354|Medical Questions - Principle|(For Male Applicants):  Have you ever had any abnormalities of the male genital tract, for example, prostatitis, benign prostatic hyperplasia (BPH), or abnormal prostate-specific antigen (PSA) blood test?|"No"
f355|Medical Questions - Principle|Details|"Testing details"
f356|Medical Questions - Principle|Doctor|"Doctor  1"
f357|Medical Questions - Principle|Date of last symptoms|"20200604"
f358|Medical Questions - Principle|(For Female Applicants): Have you ever had any abnormality of the breasts, including abnormal mammogram or sonar, breast biopsy or surgery?|"No"
f359|Medical Questions - Principle|Details|"Testing details"
f360|Medical Questions - Principle|Doctor|"Doctor  1"
f361|Medical Questions - Principle|Date of last symptoms|"20200604"
f362|Medical Questions - Principle|(For Female Applicants): Have you ever had any disorders of the female reproductive organs (ovaries, fallopian tubes, uterus, cervix etc), including an abnormal Pap smear, cysts and endometriosis?|"No"
f363|Medical Questions - Principle|Details|"Testing details"
f364|Medical Questions - Principle|Doctor|"Doctor  1"
f365|Medical Questions - Principle|Date of last symptoms|"20200604"
f370|Medical Questions - Principle|(For Female Applicants): Have you had any complications due to a previous or current pregnancy, for example, pre-eclampsia, abnormal bleeding, miscarriages or depression?|"No"
f434|Medical Questions - Principle|Details|"Testing details"
f435|Medical Questions - Principle|Doctor|"Doctor  1"
f436|Medical Questions - Principle|Date of last symptoms|"20200604"
f437|Medical Questions - Principle|(For Female Applicants): Are you currently pregnant?|"Yes"
f438|Medical Questions - Principle|How many months?|"5"
f439|Medical Questions - Principle|Have you ever been diagnosed with, or are you currently experiencing symptoms associated with any sexually transmitted diseases (STD): herpes, human papilloma virus (HPV), chlamydia, gonorrhoea, cytomegalovirus etc?|"No"
f440|Medical Questions - Principle|Details|"Testing details"
f441|Medical Questions - Principle|Doctor|"Doctor  1"
f442|Medical Questions - Principle|Date of last symptoms|"20200604"
f443|Medical Questions - Principle|If not already mentioned, have you had any operations (including surgery to assist in weight loss), disability, accidents with injuries, hospital admissions for medical or surgical reasons, or are you aware of any future surgery, treatment or investigations that you need?|"No"
f444|Medical Questions - Principle|Details|"Testing details"
f445|Medical Questions - Principle|Doctor|"Doctor  1"
f446|Medical Questions - Principle|Date of last symptoms|"20200604"
f447|Medical Questions - Principle|If not already mentioned, have you had any of the following special investigations: genetic testing, tumour markers, biopsy, angiogram, MRI or CT scan, normal or abnormal back or neck X-rays, abnormal X-rays of any other body part?|"No"
f448|Medical Questions - Principle|Details|"Testing details"
f449|Medical Questions - Principle|Doctor|"Doctor  1"
f450|Medical Questions - Principle|Date of last symptoms|"20200604"
f451|Medical Questions - Principle|Are you awaiting results for any special investigations that have recently been done, or are you planning to seek medical advice for any symptoms or conditions that you have?|"No"
f452|Medical Questions - Principle|Details|"Testing details"
f453|Medical Questions - Principle|Doctor|"Doctor  1"
f454|Medical Questions - Principle|Has a proposal for assurance for health, life, dread disease (or severe illness), disability insurance or functional impairment (income continuation) ever been declined, deferred or accepted with certain provisions, for example, premium loading or any exclusions?|"No"
f455|Medical Questions - Principle|Details|"Testing details"
f456|Medical Questions - Principle|Doctor|"Doctor  1"
f457|Medical Questions - Principle|Have you been off work for more than seven consecutive days due to medical reasons in the last two years?|"No"
f458|Medical Questions - Principle|Details|"Testing details"
f459|Medical Questions - Principle|Doctor|"Doctor  1"
f460|Medical Questions - Principle|Have you ever been medically boarded, or submitted a claim for short-term or long-term disability, serious illness (dread disease) or third party benefits?|"No"
f461|Medical Questions - Principle|Details|"Testing details"
f462|Medical Questions - Principle|Doctor|"Doctor  1"
f463|Medical Questions - Principle|Are there any aspects of your job that exacerbate or trigger any symptoms or conditions (like allergens, stress, manual work, standing or sitting for long periods or exposure to cold environments)?|"Yes"
f464|Medical Questions - Principle|Details|"Testing details"
f465|Medical Questions - Principle|Doctor|"Doctor  1"
f466|Medical Questions - Principle|Have you ever experienced any difficulty or inability to perform your usual daily activities, (including all aspects of your occupation), or did you have to adjust your duties or activities, as a result of any medical or surgical condition?|"No"
f467|Medical Questions - Principle|Details|"Testing details"
f468|Medical Questions - Principle|Doctor|"Doctor  1"
f469|Medical Questions - Principle|Are there any other circumstances not disclosed on this form, which may affect the risk of insurance on your life?|"No"
f470|Medical Questions - Principle|Details|"Testing details"
f471|Medical Questions - Principle|Doctor|"Doctor  1"
f472|Medical Questions - Principle|Date of last symptoms|"20200604"
f473|Medical Questions - Principle|Are you adopted or do you have limited information available regarding your family history? If Yes please provide more information.|"No"
f474|Medical Questions - Principle|Details|"Testing details"
f475|Medical Questions - Principle|Have any of your family (mother, father, siblings) passed away before the age of 50 from natural causes (any disease or illness)? If Yes please give a full description for each applicable family member, including age of death, cause of death, and all other medical conditions that this family member had.|"No"
f476|Medical Questions - Principle|Family Member nr 1: Family Member (eg. Father)|"Member nr 1"
f477|Medical Questions - Principle|Family Member nr 1: Age at death|"33"
f478|Medical Questions - Principle|Family Member nr 1: Cause of death and any other health problems before death|"Cause of death and any"
f479|Medical Questions - Principle|Family Member nr 2: Family Member (eg. Father)|"Member nr 2"
f480|Medical Questions - Principle|Family Member nr 2:  Age at death|"55"
f481|Medical Questions - Principle|Family Member nr 2: Cause of death and any other health problems before death|"Cause of death"
f482|Medical Questions - Principle|Family Member nr 3: Family Member (eg. Father)|"Family Member nr 3"
f483|Medical Questions - Principle|Family Member nr 3:  Age at death|"50"
f484|Medical Questions - Principle|Family Member nr 3: Cause of death and any other health problems before death|"Family Member nr 3:"
f485|Medical Questions - Principle|Have any members of your direct family (mother, father, siblings), whether alive or deceased, been diagnosed or treated for breast cancer, colon cancer or any other familial cancer?|"No"
f486|Medical Questions - Principle|Diagnoses|"Testing diagnosis"
f487|Medical Questions - Principle|Age at diagnosis|"66"
f488|Medical Questions - Principle|Have any members of your direct family (mother, father, siblings), whether alive or deceased, been diagnosed or treated before the age of 50 for coronary artery disease (for example, chest pain or heart attack), peripheral vascular disease (problematic circulation to the lower limbs) or stroke?|"No"
f489|Medical Questions - Principle|Diagnosis|"Testing diagnosis"
f490|Medical Questions - Principle|Age at Diagnosis|"88"
f491|Medical Questions - Principle|Have any members of your direct family (mother, father, siblings), whether alive or deceased, been diagnosed or treated for any neurological disorder, motor neuron disease or muscular dystrophy (for example, Huntington’s disease, Parkinson’s disease, multiple sclerosis or Alzheimer’s disease)?|"No"
f492|Medical Questions - Principle|Diagnosis|"Testing diagnosis"
f493|Medical Questions - Principle|Age at Diagnosis|"78"
f494|Medical Questions - Principle|Have any members of your direct family (mother, father, siblings), whether alive or deceased, been diagnosed or treated for polycystic kidneys?|"No"
f495|Medical Questions - Principle|Diagnosis|"Testing diagnosis"
f496|Medical Questions - Principle|Age at Diagnosis|"45"
f497|Medical Questions - Principle|Have any members of your direct family (mother, father, siblings), whether alive or deceased, been diagnosed or treated for retinitis pigmentosa?|"No"
f498|Medical Questions - Principle|Age at Diagnosis|"50"
f499|Medical Questions - Principle|Have two or more direct family members (mother, father, siblings), whether alive or deceased, been diagnosed or treated for diabetes?|"No"
f500|Medical Questions - Principle|Diagnosis|"Testing diagnosis"
f501|Medical Questions - Principle|Age at Diagnosis|"42"
f502|Medical Questions - Principle|Have any members of your direct family (mother, father, siblings), whether alive or deceased, been diagnosed or treated for any psychiatric disorders, for example schizophrenia, bipolar mood disorder or depression?|"No"
f620|Medical Questions - Principle|Details|"Testing details"
f621|Medical Questions - Principle|Have any members of your direct family (mother, father, siblings), whether alive or deceased, been diagnosed or treated for any other familial diseases not mentioned above?|"No"
f622|Medical Questions - Principle|Diagnosis|"Testing diagnosis"
f623|Medical Questions - Principle|Age at Diagnosis|"50"
f206|Medical Questions - Spouse|Height (without shoes)|"1.3"
f238|Medical Questions - Spouse|Weight (in clothes)|"60"
f239|Medical Questions - Spouse|Have you ever had unintentional weight loss of more than 5kg?|"No"
f240|Medical Questions - Spouse|If Yes, please give details.|"Testing details"
f241|Medical Questions - Spouse|Date|"20200604"
f242|Medical Questions - Spouse|Do you exercise regularly?|"Yes"
f243|Medical Questions - Spouse|If Yes, please give details|"Testing details"
f244|Medical Questions - Spouse|Do you use chronic and regular medicine?|"No"
f245|Medical Questions - Spouse|If Yes, please list the medicine that you use. (Please also include sleeping tablets, oral contraceptives and any non-prescription medicine, even when not used daily)|"Testing details"
f246|Medical Questions - Spouse|Doctor|"doctor"
f247|Medical Questions - Spouse|Date of last symptoms|"20200604"
f248|Medical Questions - Spouse|Have you been diagnosed or treated for any benign or malignant (cancerous) tumour or growth for example moles, skin cancer, breast cancer, prostate cancer or colon cancer?|"No"
f249|Medical Questions - Spouse|If YES, provide details|"Testing details"
f250|Medical Questions - Spouse|Date of last symptoms|"20200604"
f251|Medical Questions - Spouse|Doctor|"Doctor 1"
f252|Medical Questions - Spouse|Any porphyria, haemochromatosis, spleen, lymph or blood disorder, swollen glands or lymph nodes, bleeding disorder or clotting disorder, leukaemia or lymphatic cancer, for example anaemia, thalassemia, polycythaemia, haemophilia, idiopathic thrombocytopenic purpura (ITP), protein C or S deficiency, Von Willebrand’s disease, antiphospholipid syndrome, thrombocytopenia, leukaemia, lymphoma or myeloma?|"No"
f253|Medical Questions - Spouse|Details|"Testing details"
f254|Medical Questions - Spouse|Doctor|"Doctor 1"
f255|Medical Questions - Spouse|Date of last symptoms|"20200604"
f256|Medical Questions - Spouse|Any disorders of the heart, for example rheumatic fever, heart murmur or heart valve problems, palpitations or arrhythmia, chest pain, angina, heart attack, heart failure, myocarditis, cardiomyopathy, an abnormal ECG, open or keyhole heart surgery or procedures?|"No"
f257|Medical Questions - Spouse|Details|"Details"
f258|Medical Questions - Spouse|Doctor|"Doctor 1"
f259|Medical Questions - Spouse|Date of last symptoms|"20200604"
f260|Medical Questions - Spouse|Raised cholesterol, high blood pressure or any diseases of the blood vessels or circulatory system, for example aneurysm, pain in legs when walking, deep vein thrombosis (DVT) or pulmonary embolism?|"No"
f261|Medical Questions - Spouse|Details|"Details"
f262|Medical Questions - Spouse|Doctor|"Doctor 1"
f263|Medical Questions - Spouse|Date of last symptoms|"20200604"
f268|Medical Questions - Spouse|Any disorders of the nervous system, for example epilepsy or any convulsion, transient ischemic attack (TIA), stroke, brain aneurysm, blackouts, chronic or regular headaches, Parkinson’s disease, multiple sclerosis, myasthenia gravis, dementia, hydrocephalus or raised intra-cranial pressure, motor neuron disease or any other type of weakness or paralysis?|"No"
f269|Medical Questions - Spouse|Details|"Details"
f270|Medical Questions - Spouse|Doctor|"Doctor"
f271|Medical Questions - Spouse|Date of last Symptoms|"20200604"
f272|Medical Questions - Spouse|Have you ever been diagnosed or treated for fibromyalgia, chronic fatigue syndrome or any chronic pain disorders?|"No"
f273|Medical Questions - Spouse|Details|"Details"
f274|Medical Questions - Spouse|Doctor|"Doctor"
f275|Medical Questions - Spouse|Date of last symptoms|"20200604"
f276|Medical Questions - Spouse|Have you ever been diagnosed, investigated or treated (by means of counselling or medicine), for stress, insomnia, anxiety, depression, bipolar mood disorder, panic attacks, post-traumatic stress disorder, obsessive compulsive disorder, any eating disorder or any other psychiatric or emotional disorders?|"No"
f277|Medical Questions - Spouse|Details|"Details"
f278|Medical Questions - Spouse|Doctor|"Doctor"
f279|Medical Questions - Spouse|Date of last symptoms|"20200604"
f280|Medical Questions - Spouse|Disorders of the digestive system, for example, oesophageal stenosis, achalasia, perforated or bleeding ulcer, Barrett’s oesophagitis, any hernia, irritable bowel syndrome (IBS), spastic colon, diverticulitis, inflammatory bowel disease, Crohn’s disease or ulcerative colitis, colon polyps, rectal bleeding, pancreatitis, hepatitis, chronic or recurrent diarrhea, chronic gastroenteritis, fatty liver, abnormal liver functions or coeliac disease?|"No"
f281|Medical Questions - Spouse|Details|"Details"
f282|Medical Questions - Spouse|Doctor|"Doctor"
f283|Medical Questions - Spouse|Date of last symptoms|"20200604"
f284|Medical Questions - Spouse|Have you ever been diagnosed, investigated or treated for any connective tissue disorder, or any auto-immune disorder, for example rheumatoid arthritis, systemic lupus erythematosus (SLE), ankylosing spondylitis, scleroderma, sarcoidosis, Sjögren’s syndrome, polymyositis, dermatomyositis, Wegener’s granulomatosis, Ehlers-Danlos syndrome or Marfan syndrome?|"No"
f285|Medical Questions - Spouse|Details|"Details"
f286|Medical Questions - Spouse|Doctor|"Doctor"
f287|Medical Questions - Spouse|Date of last symptoms|"20200604"
f288|Medical Questions - Spouse|Any disorders of your kidneys or bladder, like kidney stones, renal failure, nephritis, recurrent infections or abnormal urine tests (like blood or protein in the urine)?|"No"
f289|Medical Questions - Spouse|Details|"Details"
f290|Medical Questions - Spouse|Doctor|"Doctor"
f291|Medical Questions - Spouse|Date of last symptoms|"20200604"
f292|Medical Questions - Spouse|Respiratory problems, for example asthma, chronic bronchitis, emphysema, persistent coughing, recurrent lung infections, cystic fibrosis, bronchiectasis, lung fibrosis, interstitial lung disease, sleep apnoea, occupational lung disease, pneumonia, sarcoidosis or an abnormal lung function test?|"No"
f293|Medical Questions - Spouse|Details|"Details"
f294|Medical Questions - Spouse|Doctor|"Doctor"
f295|Medical Questions - Spouse|Date of last symptoms|"20200604"
f296|Medical Questions - Spouse|Have you ever been diagnosed with tuberculosis of the lungs or in any other area of the body, for example TB meningitis, urogenital TB, TB of the bones or spine?|"No"
f297|Medical Questions - Spouse|Details|"Details"
f298|Medical Questions - Spouse|Doctor|"Doctor"
f299|Medical Questions - Spouse|Date of last symptoms|"20200604"
f300|Medical Questions - Spouse|Do you know your HIV status?|"No"
f301|Medical Questions - Spouse|If Yes, when was your last test?|"20200604"
f302|Medical Questions - Spouse|Where was the test performed?|"01\/01\/2020"
f303|Medical Questions - Spouse|What was your result?|"I am HIV Negative"
f304|Medical Questions - Spouse|Have you ever used any treatment for HIV/ AIDS?|"No"
f305|Medical Questions - Spouse|If Yes, what was the indication for treatment and for how long was the treatment used?|"details"
f306|Medical Questions - Spouse|Any back, joint, bone, muscle or chronic skin conditions, for example back or neck problems or injuries (including muscle spasms and slipped disc), osteoarthritis, gout, septic arthritis, psoriatic arthritis, fracture, joint injury, osteoporosis or osteopenia, dermatitis, eczema or psoriasis?|"No"
f307|Medical Questions - Spouse|Details|"Details"
f308|Medical Questions - Spouse|Doctor|"Doctor"
f309|Medical Questions - Spouse|Date of last symptoms|"20200604"
f310|Medical Questions - Spouse|Have you ever been diagnosed or treated for diabetes mellitus, impaired fasting glucose, insulin resistance or pre-diabetes, or have you ever been diagnosed or treated for thyroid, parathyroid or pituitary gland problems, or any other endocrine disorders, like diabetes insipidus, Cushing’s disease or Addison’s disease?|"No"
f311|Medical Questions - Spouse|Details|"Details"
f312|Medical Questions - Spouse|Doctor|"Doctor"
f313|Medical Questions - Spouse|Date of last Symptoms|"20200604"
f314|Medical Questions - Spouse|Any eye, ear, nose or throat disorder, for example glaucoma, keratoconus, retinal detachment, optic neuritis, uveitis, scleritis, vision loss or blindness, tinnitus, hearing loss or deafness, vertigo or loss of balance or chronic hoarseness?|"No"
f315|Medical Questions - Spouse|Details|"Details"
f316|Medical Questions - Spouse|Doctor|"Doctor"
f317|Medical Questions - Spouse|Date of last symptoms|"20200604"
f318|Medical Questions - Spouse|(For male applicants): Have you ever had any abnormalities of the male genital tract, for example, prostatitis, benign prostatic hyperplasia (BPH), or abnormal prostate-specific antigen (PSA) blood test?|"No"
f319|Medical Questions - Spouse|Details|"Details"
f320|Medical Questions - Spouse|Doctor|"Doctor"
f321|Medical Questions - Spouse|Date of last symptoms|"20200604"
f322|Medical Questions - Spouse|(For Female Applicants): Have you ever had any abnormality of the breasts, including abnormal mammogram or sonar, breast biopsy or surgery?|"No"
f323|Medical Questions - Spouse|Details|"Details"
f324|Medical Questions - Spouse|Doctor|"Doctor"
f325|Medical Questions - Spouse|Date of last symptoms|"20200604"
f326|Medical Questions - Spouse|(For Female Applicants): Have you ever had any disorders of the female reproductive organs (ovaries, fallopian tubes, uterus, cervix etc), including an abnormal Pap smear, cysts and endometriosis?|"No"
f327|Medical Questions - Spouse|Details|"Details"
f328|Medical Questions - Spouse|Doctor|"Doctor"
f329|Medical Questions - Spouse|Date of last symptoms|"20200604"
f330|Medical Questions - Spouse|(For Female Applicants): Have you had any complications due to a previous or current pregnancy, for example, pre-eclampsia, abnormal bleeding, miscarriages or depression?|"No"
f331|Medical Questions - Spouse|Details|"Details"
f332|Medical Questions - Spouse|Doctor|"Doctor"
f333|Medical Questions - Spouse|Date of last symptoms|"20200604"
f334|Medical Questions - Spouse|(For Female Applicants):  Are you currently pregnant?|"Yes"
f335|Medical Questions - Spouse|If so, how many months?|"6"
f508|Medical Questions - Spouse|Have any members of your direct family (mother, father, siblings), whether alive or deceased, been diagnosed or treated for any other familial diseases not mentioned above?|"No"
f509|Medical Questions - Spouse|Details|"Details"
f510|Medical Questions - Spouse|Date of last symptoms|"20200604"
f511|Medical Questions - Spouse|If not already mentioned, have you had any operations (including surgery to assist in weight loss), disability, accidents with injuries, hospital admissions for medical or surgical reasons, or are you aware of any future surgery, treatment or investigations that you need?|"No"
f512|Medical Questions - Spouse|Details|"Details"
f513|Medical Questions - Spouse|Doctor|"Doctor"
f514|Medical Questions - Spouse|Date of last symptoms|"20200604"
f515|Medical Questions - Spouse|If not already mentioned, have you had any of the following special investigations: genetic testing, tumour markers, biopsy, angiogram, MRI or CT scan, normal or abnormal back or neck X-rays, abnormal X-rays of any other body part?|"No"
f516|Medical Questions - Spouse|Details|"Details"
f517|Medical Questions - Spouse|Doctor|"Doctor"
f518|Medical Questions - Spouse|Date of last symptoms|"20200604"
f519|Medical Questions - Spouse|Are you awaiting results for any special investigations that have recently been done, or are you planning to seek medical advice for any symptoms or conditions that you have?|"No"
f520|Medical Questions - Spouse|Details|"Details"
f521|Medical Questions - Spouse|Doctor|"Doctor"
f522|Medical Questions - Spouse|Has a proposal for assurance for health, life, dread disease (or severe illness), disability insurance or functional impairment (income continuation) ever been declined, deferred or accepted with certain provisions, for example, premium loading or any exclusions?|"No"
f523|Medical Questions - Spouse|Details|"Details"
f524|Medical Questions - Spouse|Have you been off work for more than seven consecutive days due to medical reasons in the last two years?|"No"
f525|Medical Questions - Spouse|Details|"Details"
f526|Medical Questions - Spouse|Have you ever been medically boarded, or submitted a claim for short-term or long-term disability, serious illness (dread disease) or third party benefits?|"No"
f527|Medical Questions - Spouse|Details|"Details"
f528|Medical Questions - Spouse|Are there any aspects of your job that exacerbate or trigger any symptoms or conditions (like allergens, stress, manual work, standing or sitting for long periods or exposure to cold environments)?|"No"
f529|Medical Questions - Spouse|Details|"Details"
f530|Medical Questions - Spouse|Have you ever experienced any difficulty or inability to perform your usual daily activities, (including all aspects of your occupation), or did you have to adjust your duties or activities, as a result of any medical or surgical condition?|"No"
f531|Medical Questions - Spouse|Details|"Details"
f532|Medical Questions - Spouse|Are there any other circumstances not disclosed on this form, which may affect the risk of insurance on your life?|"No"
f533|Medical Questions - Spouse|Details|"Details"
f534|Medical Questions - Spouse|Doctor|"Doctor"
f535|Medical Questions - Spouse|Date of last symptoms|"20200604"
f536|Medical Questions - Spouse|Are you adopted or do you have limited information available regarding your family history? If Yes please provide more information.|"No"
f537|Medical Questions - Spouse|Details|"Details"
f538|Medical Questions - Spouse|siblings) passed away before the age of 50 from natural causes (any disease or illness)? If Yes please give a full description for each applicable family member, including age of death, cause of death, and all other medical conditions that this family member had.|"No"
f539|Medical Questions - Spouse|Family Member 1: Family member, eg. Father|"Family member 1"
f540|Medical Questions - Spouse|Family Member 1:  Age at death|"55"
f541|Medical Questions - Spouse|Family Member 1: Cause of death and any other health problems before death|"Cause of death 1"
f542|Medical Questions - Spouse|Family Member 2: Family member, eg. Father|"Family member 2"
f543|Medical Questions - Spouse|Family Member 2:  Age at death|"66"
f544|Medical Questions - Spouse|Family Member 2: Cause of death and any other health problems before death|"Cause of death 2"
f545|Medical Questions - Spouse|Family Member 2: Family member, eg. Father|"Family member 3"
f546|Medical Questions - Spouse|Family Member 3:  Age at death|"44"
f547|Medical Questions - Spouse|Family Member 3: Cause of death and any other health problems before death|"Cause of death 3"
f548|Medical Questions - Spouse|Have any members of your direct family (mother, father, siblings), whether alive or deceased, been diagnosed or treated for breast cancer, colon cancer or any other familial cancer?|"No"
f549|Medical Questions - Spouse|Diagnosis|"Diagnosis"
f550|Medical Questions - Spouse|Age at diagnosis|"55"
f551|Medical Questions - Spouse|Have any members of your direct family (mother, father, siblings), whether alive or deceased, been diagnosed or treated before the age of 50 for coronary artery disease (for example, chest pain or heart attack), peripheral vascular disease (problematic circulation to the lower limbs) or stroke?|"No"
f552|Medical Questions - Spouse|Diagnosis|"Diagnosis"
f553|Medical Questions - Spouse|Age at diagnosis|"99"
f554|Medical Questions - Spouse|Have any members of your direct family (mother, father, siblings), whether alive or deceased, been diagnosed or treated for any neurological disorder, motor neuron disease or muscular dystrophy (for example, Huntington’s disease, Parkinson’s disease, multiple sclerosis or Alzheimer’s disease)?|"No"
f555|Medical Questions - Spouse|Diagnosis|"Diagnosis"
f556|Medical Questions - Spouse|Age at diagnosis|"88"
f557|Medical Questions - Spouse|Have any members of your direct family (mother, father, siblings), whether alive or deceased, been diagnosed or treated for polycystic kidneys?|"No"
f558|Medical Questions - Spouse|Age at diagnosis|"55"
f559|Medical Questions - Spouse|Have any members of your direct family (mother, father, siblings), whether alive or deceased, been diagnosed or treated for retinitis pigmentosa?|"No"
f560|Medical Questions - Spouse|Age at diagnosis|"77"
f561|Medical Questions - Spouse|Have two or more direct family members (mother, father, siblings), whether alive or deceased, been diagnosed or treated for diabetes?|"No"
f562|Medical Questions - Spouse|Diagnosis|"Diagnosis"
f563|Medical Questions - Spouse|Age at diagnosis|"88"
f564|Medical Questions - Spouse|Have any members of your direct family (mother, father, siblings), whether alive or deceased, been diagnosed or treated for any psychiatric disorders, for example schizophrenia, bipolar mood disorder or depression?|"No"
f565|Medical Questions - Spouse|Diagnosis|"Diagnosis"
f566|Medical Questions - Spouse|Age at diagnosis|"77"
f567|Medical Questions - Spouse|Have any members of your direct family (mother, father, siblings), whether alive or deceased, been diagnosed or treated for any other familial diseases not mentioned above?|"No"
f568|Medical Questions - Spouse|Daignosis|"Diagnosis"
f569|Medical Questions - Spouse|Age at diagnosis|"22"
f48|Current Doctor|Initials|"JK"
f128|Current Doctor|Surname|"Jones"
f129|Current Doctor|Tel|"0124450022"
f130|Current Doctor|Years|"12"
f131|Current Doctor|Current outpatient clinic|"Current outpatient clinic ["
f614|Current Doctor|Previous Doctor Initials|"HN"
f615|Current Doctor|Previous Doctor Surname|"Tim"
f616|Current Doctor|Previous Doctor Tel|"0118504560"
f617|Current Doctor|Previous Doctor Years|"10"
f618|Current Doctor|Previous Outpatient Clinic|"Previous Outpatient Clinic"
f156|Lifestyle and Occupation - Principal Life|Please confirm the number of times per day you vape, use e-cigarettes or any tobacco product?|"More than 30"
f157|Lifestyle and Occupation - Principal Life|If "I smoked before but have stopped", please provide date:|"20200604"
f158|Lifestyle and Occupation - Principal Life|On Average, how frequently do you consume alcohol|"Weekly"
f371|Lifestyle and Occupation - Principal Life|On average, how many units do you consume per week? (nr of units)|"20"
f180|Lifestyle and Occupation - Principal Life|Do you have or have you ever had an alcohol problem?|"No"
f387|Lifestyle and Occupation - Principal Life|If Yes, please give details|"Testing more details"
f159|Lifestyle and Occupation - Principal Life|Did you habitually drink more in the past?|"No"
f388|Lifestyle and Occupation - Principal Life|If Yes, please give details|"Testing more details"
f160|Lifestyle and Occupation - Principal Life|Have you ever been advised to reduce your alcohol consumption?|"No"
f389|Lifestyle and Occupation - Principal Life|If Yes, please give details|"Testing more details"
f161|Lifestyle and Occupation - Principal Life|Have you ever been charged with drunken driving?|"No"
f390|Lifestyle and Occupation - Principal Life|If Yes, please give details|"Testing more details"
f162|Lifestyle and Occupation - Principal Life|Have you ever used anabolic steroids for any reason?|"No"
f391|Lifestyle and Occupation - Principal Life|If Yes, please give details|"Testing more details"
f163|Lifestyle and Occupation - Principal Life|Have you ever used any drugs, for example cannabis (including cannabis oil), cocaine, heroin or ecstasy for any reason? If Yes, please provide more information.|"No"
f164|Lifestyle and Occupation - Principal Life|More information on drug use:|"Testing more details"
f165|Lifestyle and Occupation - Principal Life|Do you participate in any hazardous pursuits, for example underwater diving, private aviation, skydiving, rock climbing or motocross? If Yes, please provide more information.|"No"
f166|Lifestyle and Occupation - Principal Life|More information about hazardous pursuits:|"Testing more details"
f152|Lifestyle and Occupation - Principal Life|Have you ever engaged in, been found guilty of, or charged with illegal activities|"No"
f392|Lifestyle and Occupation - Principal Life|If Yes, please give details|"Testing more details"
f167|Lifestyle and Occupation - Principal Life|Do you, for any reason, plan on spending any time outside South Africa, now or in the future, other than for recreation or holiday? If Yes, please provide more information.|"No"
f168|Lifestyle and Occupation - Principal Life|More information regarding spending time outside SA for other than holiday:|"Testing more details"
f169|Lifestyle and Occupation - Principal Life|Highest Education|"Professional"
f170|Lifestyle and Occupation - Principal Life|Gross Monthly Salary:|"50 000"
f171|Lifestyle and Occupation - Principal Life|Nominated Occupaiton:|"Manager"
f172|Lifestyle and Occupation - Principal Life|Employer:|"HP Tech"
f173|Lifestyle and Occupation - Principal Life|Industry of operation or employment:|"Information Technology"
f174|Lifestyle and Occupation - Principal Life|Brief description of your Occupation:|"Manager"
f175|Lifestyle and Occupation - Principal Life|Does your occupation have any associated risks, for example, infrequent or regular underground work, exposure to harmful chemicals, fumes or radiation, working at heights or on unstable terrain and exposure to low- or high-voltage electrical current?|"No"
f176|Lifestyle and Occupation - Principal Life|If Yes, please provide more information.|"Testing more details"
f372|Lifestyle and Occupation - Principal Life|Please give a breakdown of the time spent on different functions within your occupation in an eight-hour day (compulsory):  Desk bound and office bound tasks (Data capturing, filing)|"8"
f373|Lifestyle and Occupation - Principal Life|Please give a breakdown of the time spent on different functions within your occupation in an eight-hour day (compulsory): Supervising staff within the office (Admin manager, call center manager)|"7"
f374|Lifestyle and Occupation - Principal Life|Please give a breakdown of the time spent on different functions within your occupation in an eight-hour day (compulsory): Travelling -please do not include travelling from home to work (Driver, visiting clients)|"6"
f375|Lifestyle and Occupation - Principal Life|Please give a breakdown of the time spent on different functions within your occupation in an eight-hour day (compulsory): Supervising staff on site, in factory or during field work (Building contractor, factory foreman, storeroom supervisor)|"5"
f376|Lifestyle and Occupation - Principal Life|Please give a breakdown of the time spent on different functions within your occupation in an eight-hour day (compulsory):  Light manual work that requires extensive manual dexterity (Hairdresser, teacher, jeweller)|"4"
f377|Lifestyle and Occupation - Principal Life|Please give a breakdown of the time spent on different functions within your occupation in an eight-hour day (compulsory):  Moderate Manual Work (Supermarket shelf packer, plumber, electrician, mechanic)|"3"
f378|Lifestyle and Occupation - Principal Life|Please give a breakdown of the time spent on different functions within your occupation in an eight-hour day (compulsory):  Heavy Manual work (Miner, farrier, diesel mechanic)|"2"
f379|Lifestyle and Occupation - Principal Life|Does your industry include importing or exporting goods and services? (compulsory)|"Yes"
f380|Lifestyle and Occupation - Principal Life|Are you a domestic prominent influential person / foreign prominent public official? (compulsory)|"No"
f381|Lifestyle and Occupation - Principal Life|Source of funds (compulsory)|"Saving"
f382|Lifestyle and Occupation - Principal Life|Description of "Source of funds" - Other|"Testing other details"
f383|Lifestyle and Occupation - Principal Life|Source of wealth (compulsory)|"Income"
f151|Lifestyle and Occupation - Principal Life|Is the principal life or owner insolvent|"No"
f384|Lifestyle and Occupation - Principal Life|If yes, provide details|"Testing more details"
f385|Lifestyle and Occupation - Principal Life|Have you ever engaged in, been found guilty of, or been charged with illegal activities, such as fraud, bribery, corruption, theft, drug trafficking, extortion, gangsterism or robbery (armed or not)?|"No"
f386|Lifestyle and Occupation - Principal Life|If Yes, please give details|"Testing more details"
f570|Lifestyle and Occupation - Principal Life|Is the life assured self employed?|"No"
f571|Lifestyle and Occupation - Principal Life|Company Name|"HP Tech"
f572|Lifestyle and Occupation - Principal Life|If self employed, how many owners does your business have?|"5000"
f573|Lifestyle and Occupation - Principal Life|Are there any other occupations that you are involved or may become involved in?|"No"
f574|Lifestyle and Occupation - Principal Life|If 'yes', please provide details|"Testing more details"
f575|Lifestyle and Occupation - Principal Life|Is there any direct or indirect hazard associated with your current occupation?|"No"
f576|Lifestyle and Occupation - Principal Life|If Yes, Provide details|"Testing more details"
f577|Lifestyle and Occupation - Principal Life|Have you been engaged in your present occupation for less than 12 months?|"No"
f578|Lifestyle and Occupation - Principal Life|Is the physical address of your employer outside of South Africa?|"No"
f579|Lifestyle and Occupation - Principal Life|During the past three years, have you been absent from work for a continuous period of more than seven days as a result of accident or sickness?|"No"
f580|Lifestyle and Occupation - Principal Life|Please give the date|"20200606"
f393|Lifestyle and Occupation - Spouse|Please confirm the number of times per day you vape, use e-cigarettes or any tobacco product?|"I smoked before but have stopped"
f394|Lifestyle and Occupation - Spouse|If "I smoked before but have stopped", please provide date:|"20200607"
f395|Lifestyle and Occupation - Spouse|On Average, how frequently do you consume alcohol|"Annual"
f396|Lifestyle and Occupation - Spouse|On average, how many units do you consume per week? (nr of units)|"10"
f397|Lifestyle and Occupation - Spouse|Do you have or have you ever had an alcohol problem?|"No"
f398|Lifestyle and Occupation - Spouse|If Yes, please give details|"Testing more details"
f399|Lifestyle and Occupation - Spouse|Did you habitually drink more in the past?|"No"
f400|Lifestyle and Occupation - Spouse|If Yes, please give details|"Testing more details"
f401|Lifestyle and Occupation - Spouse|Have you ever been advised to reduce your alcohol consumption?|"No"
f402|Lifestyle and Occupation - Spouse|If Yes, please give details|"Testing more details"
f403|Lifestyle and Occupation - Spouse|Have you ever been charged with drunken driving?|"No"
f404|Lifestyle and Occupation - Spouse|If Yes, please give details|"Testing more details"
f405|Lifestyle and Occupation - Spouse|Have you ever used anabolic steroids for any reason?|"No"
f406|Lifestyle and Occupation - Spouse|If Yes, please give details|"Testing more details"
f407|Lifestyle and Occupation - Spouse|Have you ever used any drugs, for example cannabis (including cannabis oil), cocaine, heroin or ecstasy for any reason? If Yes, please provide more information.|"No"
f408|Lifestyle and Occupation - Spouse|More information on drug use:|"Testing more details"
f409|Lifestyle and Occupation - Spouse|Do you participate in any hazardous pursuits, for example underwater diving, private aviation, skydiving, rock climbing or motocross? If Yes, please provide more information.|"No"
f410|Lifestyle and Occupation - Spouse|More information about hazardous pursuits:|"Testing more details"
f411|Lifestyle and Occupation - Spouse|Have you ever engaged in, been found guilty of, or charged with illegal activities|"No"
f412|Lifestyle and Occupation - Spouse|If Yes, please give details|"Testing more details"
f413|Lifestyle and Occupation - Spouse|Do you, for any reason, plan on spending any time outside South Africa, now or in the future, other than for recreation or holiday? If Yes, please provide more information.|"No"
f414|Lifestyle and Occupation - Spouse|More information regarding spending time outside SA for other than holiday:|"Testing more details"
f415|Lifestyle and Occupation - Spouse|Highest Education|"Degree"
f416|Lifestyle and Occupation - Spouse|Gross Monthly Salary:|"30 000"
f417|Lifestyle and Occupation - Spouse|Nominated Occupation:|"Clerk"
f418|Lifestyle and Occupation - Spouse|Employer:|"Insurance Brokers"
f419|Lifestyle and Occupation - Spouse|Industry of operation or employment:|"Insurance"
f420|Lifestyle and Occupation - Spouse|Brief description of your Occupation:|"Admin"
f421|Lifestyle and Occupation - Spouse|Does your occupation have any associated risks, for example, infrequent or regular underground work, exposure to harmful chemicals, fumes or radiation, working at heights or on unstable terrain and exposure to low- or high-voltage electrical current?|"No"
f422|Lifestyle and Occupation - Spouse|If Yes, please provide more information.|"Testing more details"
f423|Lifestyle and Occupation - Spouse|Please give a breakdown of the time spent on different functions within your occupation in an eight-hour day (compulsory):  Desk bound and office bound tasks (Data capturing, filing)|"1"
f424|Lifestyle and Occupation - Spouse|Please give a breakdown of the time spent on different functions within your occupation in an eight-hour day (compulsory): Supervising staff within the office (Admin manager, call center manager)|"2"
f425|Lifestyle and Occupation - Spouse|Please give a breakdown of the time spent on different functions within your occupation in an eight-hour day (compulsory): Travelling -please do not include travelling from home to work (Driver, visiting clients)|"3"
f426|Lifestyle and Occupation - Spouse|Please give a breakdown of the time spent on different functions within your occupation in an eight-hour day (compulsory): Supervising staff on site, in factory or during field work (Building contractor, factory foreman, storeroom supervisor)|"4"
f427|Lifestyle and Occupation - Spouse|Please give a breakdown of the time spent on different functions within your occupation in an eight-hour day (compulsory):  Light manual work that requires extensive manual dexterity (Hairdresser, teacher, jeweller)|"5"
f428|Lifestyle and Occupation - Spouse|Please give a breakdown of the time spent on different functions within your occupation in an eight-hour day (compulsory):  Moderate Manual Work (Supermarket shelf packer, plumber, electrician, mechanic)|"6"
f429|Lifestyle and Occupation - Spouse|Please give a breakdown of the time spent on different functions within your occupation in an eight-hour day (compulsory):  Heavy Manual work (Miner, farrier, diesel mechanic)|"7"
f430|Lifestyle and Occupation - Spouse|Have you ever engaged in, been found guilty of, or been charged with illegal activities, such as fraud, bribery, corruption, theft, drug trafficking, extortion, gangsterism or robbery (armed or not)?|"No"
f431|Lifestyle and Occupation - Spouse|If Yes, please give details|"Testing more details"
f581|Lifestyle and Occupation - Spouse|Is the life assured self employed?|"No"
f582|Lifestyle and Occupation - Spouse|Company Name|"Insurance Brokers"
f583|Lifestyle and Occupation - Spouse|If self employed, how many owners does your business have?|"2000"
f584|Lifestyle and Occupation - Spouse|Are there any other occupations that you are involved or may become involved in?|"No"
f585|Lifestyle and Occupation - Spouse|If 'yes', please provide details|"Testing more details"
f586|Lifestyle and Occupation - Spouse|Is there any direct or indirect hazard associated with your current occupation?|"No"
f587|Lifestyle and Occupation - Spouse|If Yes, Provide details|"Testing more details"
f588|Lifestyle and Occupation - Spouse|Have you been engaged in your present occupation for less than 12 months?|"No"
f589|Lifestyle and Occupation - Spouse|Is the physical address of your employer outside of South Africa?|"No"
f590|Lifestyle and Occupation - Spouse|During the past three years, have you been absent from work for a continuous period of more than seven days as a result of accident or sickness?|"No"
f591|Lifestyle and Occupation - Spouse|Please give the date|"20200106"
f592|Children or Dependants|Child 1: Name|"Jill"
f593|Children or Dependants|Child 1: Surname|"Bond"
f594|Children or Dependants|Child 1: ID / Passport Number|"9801010023087"
f595|Children or Dependants|Child 1: Date of Birth|"19980101"
f596|Children or Dependants|Child 1: Sex|"Female"
f597|Children or Dependants|Child 2: Name|"Jane"
f598|Children or Dependants|Child 2: Surname|"Bond"
f599|Children or Dependants|Child 2: ID / Passport Number|"9701010023080"
f600|Children or Dependants|Child 1: Date of Birth|"19970101"
f601|Children or Dependants|Child 1: Sex|"Female"
f602|Children or Dependants|Child 3: Name|"Tim"
f603|Children or Dependants|Child 3: Surname|"Bond"
f604|Children or Dependants|Child 3: ID / Passport Number|"9601015002083"
f605|Children or Dependants|Child 3: Date of Birth|"19960101"
f606|Children or Dependants|Child 3: Sex|"Male"
f607|Children or Dependants|Child 4: Name|"Tommy"
f608|Children or Dependants|Child 4: Surname|"Bond"
f609|Children or Dependants|Child 4: ID / Passport Number|"9501015440082"
f610|Children or Dependants|Child 4: Date of Birth|"19950101"
f611|Children or Dependants|Child 4: Sex|"Male"
f41|Banking Details|Accountholder Name|"James Bond"
f42|Banking Details|Bank Name|"Standard Bank"
f51|Banking Details|Branch Name|"Pretoria"
f52|Banking Details|Branch Code|"123456"
f53|Banking Details|Account Number|"1234567890"
f54|Banking Details|Account Type|"Savings"
f1651|Investor details|Title|"Mr"
f1652|Investor details|Names|"Borris"
f1653|Investor details|Surname|"Johnson"
f1654|Investor details|ID/passport number|"7901015002083"
f1655|Investor details|Passport expiry date|"this should be a date field"
f1656|Investor details|Date of birth|"19790101"
f1657|Investor details|Gender|"Male"
f1658|Investor details|Nationality|"SA"
f1659|Investor details|Are you a Domestic Prominent Influential Person/Foreign Prominent Public Official?|"No"
f1660|Investor details|Occupation|"Manager"
f1661|Investor details|Industry of operation/employment|"Insurance"
f1662|Investor details|Investor tax details
Are you a registered tax payer?|"No"
f1663|Investor details|Are you a foreign tax payer?|"No"
f1664|Investor details|Investor contact details
Email|"borris@example.com"
f1665|Investor details|Cellphone|"0824501200"
f1666|Investor details|Telephone|"0118003000"
f1667|Investor details|Complex/unit/house number|"200"
f1668|Investor details|Complex/estate name|"Testing estate"
f1669|Investor details|Street number|"60"
f1670|Investor details|Street name/name of farm|"Joan Street"
f1671|Investor details|Suburb/district|"Menlyn"
f1672|Investor details|City/town|"Pretoria"
f1673|Investor details|Country|"South Africa"
f1674|Investor details|Responsible person details (if not the same as the investor)
Relationship to investor|"Power of attorney"
f1675|Investor details|Title|"Mrs"
f1676|Investor details|Name|"Jane"
f1677|Investor details|Surname|"Stone"
f1678|Investor details|ID number/passport|"8102020032080"
f1679|Investor details|Date of birth|"19810202"
f1680|Investor details|Passport expiry date|"20200604"
f1681|Investor details|Nationality|"SA"
f1682|Investor details|Address of the responsible person
Complex/unit/house number|"50"
f1683|Investor details|Complex/estate name|"Cole Heights"
f1684|Investor details|Street number|"20"
f1685|Investor details|Street name/name of farm|"Jay Avenue"
f1686|Investor details|Suburb/district|"Pretoria"
f1687|Investor details|City/town|"Pretoria"
f1688|Investor details|Country|"South Africa"
f1689|Investor details|Are you a Domestic Prominent Influential Person/Foreign Prominent Public Official?|"Yes"
f1690|Beneficiary details|Beneficiary
Percentage allocation %|"25%"
f1691|Beneficiary details|Title|"mr"
f1692|Beneficiary details|Gender|"Male"
f1693|Beneficiary details|Names|"Cole"
f1694|Beneficiary details|Surname|"Bond"
f1695|Beneficiary details|ID/passport|"9401015203081"
f1696|Beneficiary details|Date of birth|"19940101"
f1697|Beneficiary details|Relationship|"son"
f1698|Beneficiary details|Beneficiary
Percentage allocation %|"25"
f1699|Beneficiary details|Title|"ms"
f1700|Beneficiary details|Gender|"Female"
f1701|Beneficiary details|Names|"jane"
f1702|Beneficiary details|Surname|"bond"
f1703|Beneficiary details|ID/passport|"9701015009082"
f1704|Beneficiary details|Date of birth|"19970101"
f1705|Beneficiary details|Beneficiary
Percentage allocation %|"25%"
f1706|Beneficiary details|Title|"ms"
f1707|Beneficiary details|Gender|"Female"
f1708|Beneficiary details|Names|"Jane"
f1709|Beneficiary details|Surname|"Jones"
f1710|Beneficiary details|ID/passport|"9501010013086"
f1711|Beneficiary details|Date of birth|"19950101"
f1712|Beneficiary details|Relationship|"daughter"
f1713|Beneficiary details|Beneficiary
Percentage allocation %|"25%"
f1714|Beneficiary details|Title|"ms"
f1715|Beneficiary details|Gender|"Female"
f1716|Beneficiary details|Names|"Sally"
f1717|Beneficiary details|Surname|"bond"
f1718|Beneficiary details|ID/passport|"9301010123086"
f1719|Beneficiary details|Date of birth|"19930101"
f1720|Beneficiary details|Relationship|"daughter"
f1721|Investment details|Minimum investment amount allowed based on your term till retirement:
Less than 10 years R1,500
Between 10 and 15 years R750
More than 15 years R500|"this should be only a label"
f1722|Investment details|Investment amount|"1 000 000"
f1723|Investment details|Commencement date|"20200604"
f1724|Investment details|Debit order date|"1st"
f1725|Investment details|How are you paying for the investment?|"Income"
f1726|Investment details|If "Other", please provide more information|"Testing more information"
f1727|Investment details|Retirement age (55 and over)|"55"
f1728|Investment details|Contribution Waiver Benefit|"Severe illness"
f1729|Investment details|Life Plan Optimiser and Retirement Investment Integrator
Discovery Life Plan investment number|"123456789"
f1730|Investment details|Retirement Payback Booster
How much of your PayBack do you want to invest?|"Half my PayBack"
f1731|Contribution collection details|Direct debit order authority for collection from your bank account
Name of accountholder|"James Bond"
f1732|Contribution collection details|Name of bank|"Standard bank"
f1733|Contribution collection details|Branch name|"pta"
f1734|Contribution collection details|Branch code|"051001"
f1735|Contribution collection details|Account number|"1234567890"
f1736|Contribution collection details|Account type|"Savings"
f1737|Contribution collection details|Authorised signatory|"James Bond"
f1738|Contribution collection details|Date|"20200604"
f1739|Contribution collection details|Complete the following if you are not the policy owner but have agreed to pay the contributions:
Names|"James"
f1740|Contribution collection details|Surname/name of registered entity|"Bond"
f1741|Contribution collection details|ID/passport number/Registration number|"8801015002083"
f1742|Contribution collection details|Date of birth|"19880101"
f1743|Contribution collection details|Nationality|"SA"
f1744|Contribution collection details|Passport expiry date|"20200604"
f1745|Contribution collection details|Gender|"Female"
f1746|Contribution collection details|Responsible person details(if the payer is a Company)
Title|"Mrs"
f1747|Contribution collection details|Name|"Jane"
f1748|Contribution collection details|Surname|"Bond"
f1749|Contribution collection details|ID number/passport|"8701010023085"
f1750|Contribution collection details|Date of birth|"19870101"
f1751|Contribution collection details|Passport expiry date|"20200604"
f1752|Contribution collection details|Nationality|"SA"
f1753|Financial adviser details|Primary financial adviser
Financial adviser name and surname|"Jack Frost"
f1754|Financial adviser details|Financial adviser code|"12345678"
f1755|Financial adviser details|PRI number (Absa and FNB intermediaries)|"1012345678"
f1756|Financial adviser details|Financial adviser's fee split|"50"
f1757|Financial adviser details|Authorised signatory|"Jack Frost"
f1758|Financial adviser details|Date|"20200604"
f1759|Financial adviser details|Secondary financial adviser
Financial adviser name and surname|"Brad Louws"
f1760|Financial adviser details|Financial adviser code|"2123456789"
f1761|Financial adviser details|PRI number (Absa and FNB intermediaries)|"252365896"
f1762|Financial adviser details|Financial adviser's fee split|"50"
f1763|Financial adviser details|I confirm that I am an authorised financial services provider or representative.
Authorised signatory|"Brad Louws"
f1764|Financial adviser details|Date|"20200604"
